Belgium3186,3186
Belgium3187,3187
Belgium3188,3188
Belgium3189,3189
Belgium3196,3196
Belgium3197,3197
Belgium3198,3198
Belgium3199,3199
Belgium3200,3200
Belgium3201,3201
Denmark3035,3035
Denmark3036,3036
Denmark3037,3037
Denmark3038,3038
Denmark3039,3039
Denmark3040,3040
Denmark3041,3041
Denmark3042,3042
Denmark3043,3043
Denmark3044,3044
Denmark3045,3045
Denmark3046,3046
Denmark3047,3047
Denmark3048,3048
Denmark3049,3049
Denmark3050,3050
Denmark3051,3051
Denmark3052,3052
Denmark3053,3053
Denmark3054,3054
Denmark3055,3055
Denmark3056,3056
Denmark3057,3057
Denmark3058,3058
Denmark3059,3059
Denmark3060,3060
Denmark3061,3061
Denmark3062,3062
Denmark3063,3063
Denmark3064,3064
Denmark3065,3065
Denmark3066,3066
Denmark3067,3067
Denmark3068,3068
Denmark3069,3069
Denmark3070,3070
Denmark3071,3071
Denmark3072,3072
Denmark8923,8923
Denmark8924,8924
Denmark8925,8925
Denmark8926,8926
Denmark8927,8927
Denmark8928,8928
Denmark8929,8929
Denmark8930,8930
Denmark8931,8931
Denmark8932,8932
Denmark8933,8933
Denmark8939,8939
Denmark8940,8940
Denmark8941,8941
Denmark8942,8942
Denmark8943,8943
Denmark8976,8976
Denmark8977,8977
Denmark8978,8978
Denmark8979,8979
Denmark8980,8980
Denmark8981,8981
Denmark8982,8982
Denmark8983,8983
Denmark8984,8984
Denmark8985,8985
Denmark8987,8987
Denmark8988,8988
Denmark9019,9019
Denmark9020,9020
Denmark9021,9021
Denmark9024,9024
Denmark9033,9033
Denmark9034,9034
Denmark9035,9035
Denmark9036,9036
Denmark9037,9037
Denmark9038,9038
Denmark9039,9039
Denmark9040,9040
Denmark9041,9041
Denmark9044,9044
Denmark9045,9045
Denmark9063,9063
Denmark9064,9064
Denmark9065,9065
Finland2925,2925
Finland2926,2926
Finland2927,2927
Finland2928,2928
Finland2929,2929
Finland2930,2930
Finland2931,2931
Finland2932,2932
Finland2933,2933
Finland2934,2934
Finland2935,2935
Finland2936,2936
Finland2937,2937
Finland2938,2938
Finland2939,2939
Finland2940,2940
Finland2941,2941
Finland2942,2942
Finland2943,2943
Finland9144,9144
Finland9191,9191
Finland9196,9196
Finland9198,9198
Finland9201,9201
Finland9202,9202
Finland9207,9207
Finland9212,9212
Finland9220,9220
France10,10
France100,100
France101,101
France102,102
France103,103
France104,104
France105,105
France106,106
France11,11
France12,12
France13,13
France14,14
France15,15
France16,16
France17,17
France18,18
France19,19
France20,20
France21,21
France22,22
France23,23
France24,24
France25,25
France26,26
France27,27
France28,28
France29,29
France3,3
France30,30
France31,31
France32,32
France3202,3202
France3203,3203
France3204,3204
France3205,3205
France3206,3206
France3207,3207
France3208,3208
France3209,3209
France3210,3210
France3211,3211
France3212,3212
France3213,3213
France3214,3214
France3215,3215
France3216,3216
France3217,3217
France3218,3218
France3219,3219
France3220,3220
France3221,3221
France33,33
France34,34
France35,35
France359,359
France36,36
France360,360
France361,361
France362,362
France363,363
France364,364
France365,365
France366,366
France367,367
France368,368
France369,369
France37,37
France370,370
France371,371
France372,372
France373,373
France374,374
France375,375
France376,376
France377,377
France378,378
France379,379
France38,38
France380,380
France381,381
France382,382
France383,383
France384,384
France385,385
France386,386
France387,387
France388,388
France389,389
France39,39
France390,390
France391,391
France392,392
France393,393
France394,394
France395,395
France396,396
France397,397
France398,398
France4,4
France40,40
France400,400
France401,401
France41,41
France42,42
France43,43
France44,44
France45,45
France46,46
France47,47
France48,48
France49,49
France5,5
France50,50
France51,51
France52,52
France53,53
France54,54
France55,55
France56,56
France57,57
France58,58
France59,59
France6,6
France60,60
France61,61
France62,62
France63,63
France64,64
France65,65
France66,66
France67,67
France68,68
France69,69
France7,7
France70,70
France71,71
France72,72
France73,73
France74,74
France75,75
France76,76
France77,77
France78,78
France79,79
France8,8
France80,80
France81,81
France82,82
France83,83
France84,84
France85,85
France86,86
France87,87
France88,88
France8817,8817
France8823,8823
France8837,8837
France8838,8838
France89,89
France9,9
France90,90
France91,91
France92,92
France93,93
France94,94
France95,95
France96,96
France97,97
France98,98
France99,99
Germany3001,3001
Germany3004,3004
Germany3005,3005
Germany3006,3006
Germany3007,3007
Germany3008,3008
Germany3009,3009
Germany3010,3010
Germany3011,3011
Germany3012,3012
Germany3013,3013
Germany3014,3014
Germany3015,3015
Germany3016,3016
Germany3017,3017
Germany3018,3018
Germany3019,3019
Germany3020,3020
Germany3021,3021
Germany3022,3022
Germany3023,3023
Germany3024,3024
Germany3025,3025
Germany3026,3026
Germany3027,3027
Germany3028,3028
Germany3029,3029
Germany3030,3030
Germany3031,3031
Germany3032,3032
Germany3033,3033
Germany3034,3034
Germany3073,3073
Germany3074,3074
Germany3075,3075
Germany3076,3076
Germany3077,3077
Germany3078,3078
Germany3079,3079
Germany3080,3080
Germany3081,3081
Germany3082,3082
Germany3083,3083
Germany3084,3084
Germany3085,3085
Germany3086,3086
Germany3087,3087
Germany3088,3088
Germany3089,3089
Germany3090,3090
Germany3091,3091
Germany3092,3092
Germany3093,3093
Germany3094,3094
Germany3095,3095
Germany3096,3096
Germany8934,8934
Germany9006,9006
Germany9053,9053
Germany9054,9054
Germany9055,9055
Italy402,402
Italy403,403
Italy404,404
Italy405,405
Italy406,406
Italy407,407
Italy408,408
Italy409,409
Italy410,410
Italy411,411
Italy412,412
Italy413,413
Italy414,414
Italy415,415
Italy416,416
Italy417,417
Italy418,418
Italy419,419
Italy420,420
Italy421,421
Italy422,422
Italy423,423
Italy424,424
Italy425,425
Italy426,426
Italy427,427
Italy428,428
Italy429,429
Italy430,430
Italy431,431
Italy432,432
Italy433,433
Italy434,434
Italy435,435
Italy436,436
Italy437,437
Italy438,438
Italy439,439
Italy440,440
Italy441,441
Italy442,442
Italy443,443
Italy444,444
Italy445,445
Italy446,446
Italy447,447
Italy448,448
Italy449,449
Italy450,450
Italy451,451
Italy452,452
Italy453,453
Italy454,454
Italy455,455
Italy456,456
Italy457,457
Italy458,458
Italy459,459
Italy460,460
Italy461,461
Italy462,462
Italy463,463
Italy464,464
Italy465,465
Italy466,466
Italy467,467
Italy468,468
Italy469,469
Italy470,470
Italy471,471
Italy472,472
Italy473,473
Italy474,474
Italy475,475
Italy9046,9046
Italy9059,9059
Italy9071,9071
Italy9072,9072
Italy9073,9073
Italy9074,9074
Italy9075,9075
Italy9076,9076
Italy9077,9077
Italy9078,9078
Italy9079,9079
Italy9080,9080
Italy9081,9081
Italy9082,9082
Italy9083,9083
Italy9084,9084
Italy9085,9085
Monaco399,399
Netherlands3097,3097
Netherlands3098,3098
Netherlands3099,3099
Netherlands3100,3100
Netherlands3101,3101
Netherlands3102,3102
Netherlands3103,3103
Netherlands3104,3104
Netherlands3105,3105
Netherlands3106,3106
Netherlands3107,3107
Netherlands3108,3108
Netherlands3109,3109
Netherlands3110,3110
Netherlands3111,3111
Netherlands3112,3112
Netherlands3113,3113
Netherlands3114,3114
Netherlands3115,3115
Netherlands3116,3116
Netherlands3117,3117
Netherlands3118,3118
Netherlands3119,3119
Netherlands3120,3120
Netherlands3121,3121
Netherlands3122,3122
Netherlands3123,3123
Netherlands3124,3124
Netherlands3125,3125
Netherlands3126,3126
Netherlands3127,3127
Netherlands3128,3128
Netherlands3129,3129
Netherlands3130,3130
Netherlands3131,3131
Netherlands3132,3132
Netherlands3133,3133
Netherlands3134,3134
Netherlands3135,3135
Netherlands3136,3136
Netherlands3144,3144
Netherlands3145,3145
Netherlands3147,3147
Netherlands3148,3148
Netherlands3149,3149
Netherlands3150,3150
Netherlands3151,3151
Netherlands3152,3152
Netherlands3185,3185
Netherlands3190,3190
Netherlands3195,3195
Netherlands8871,8871
Netherlands8872,8872
Netherlands8873,8873
Netherlands8875,8875
Netherlands8876,8876
Netherlands8877,8877
Netherlands8878,8878
Netherlands8879,8879
Netherlands8880,8880
Netherlands8881,8881
Netherlands8882,8882
Netherlands8883,8883
Netherlands8884,8884
Netherlands8885,8885
Netherlands8886,8886
Netherlands8887,8887
Netherlands8888,8888
Netherlands8897,8897
Netherlands8898,8898
Netherlands8899,8899
Netherlands8900,8900
Netherlands8901,8901
Netherlands8902,8902
Netherlands8903,8903
Netherlands8904,8904
Netherlands8905,8905
Netherlands8906,8906
Netherlands8907,8907
Norway2751,2751
Norway2752,2752
Norway2753,2753
Norway2756,2756
Norway2758,2758
Norway2759,2759
Norway2760,2760
Norway2761,2761
Norway2762,2762
Norway2763,2763
Norway2764,2764
Norway2765,2765
Norway2766,2766
Norway2767,2767
Norway2768,2768
Norway2769,2769
Norway2770,2770
Norway2771,2771
Norway2772,2772
Norway2773,2773
Norway2774,2774
Norway2775,2775
Norway2776,2776
Norway2777,2777
Norway2778,2778
Norway2779,2779
Norway2780,2780
Norway2781,2781
Norway2782,2782
Norway2783,2783
Norway2784,2784
Norway2785,2785
Norway2786,2786
Norway2787,2787
Norway2788,2788
Norway2789,2789
Norway2790,2790
Norway2791,2791
Norway2792,2792
Norway2793,2793
Norway2794,2794
Norway2795,2795
Norway2796,2796
Norway2797,2797
Norway2798,2798
Norway2799,2799
Norway2800,2800
Norway2801,2801
Norway2802,2802
Norway2803,2803
Norway2804,2804
Norway2805,2805
Norway2806,2806
Norway2807,2807
Norway2808,2808
Norway2809,2809
Norway2810,2810
Norway2811,2811
Norway2812,2812
Norway2813,2813
Norway2814,2814
Norway2815,2815
Norway2816,2816
Norway2817,2817
Norway2818,2818
Norway2819,2819
Norway2820,2820
Norway2821,2821
Norway2822,2822
Norway2823,2823
Norway2824,2824
Norway2825,2825
Norway2826,2826
Norway2827,2827
Norway2828,2828
Norway2829,2829
Norway2830,2830
Norway2831,2831
Norway2832,2832
Norway2833,2833
Norway2834,2834
Norway2835,2835
Norway2836,2836
Norway2837,2837
Norway2838,2838
Norway2839,2839
Norway2840,2840
Norway2841,2841
Norway2842,2842
Norway2843,2843
Norway2844,2844
Norway2845,2845
Norway2846,2846
Norway2847,2847
Norway8841,8841
Norway8842,8842
Norway8843,8843
Norway8844,8844
Norway8845,8845
Norway8846,8846
Norway8847,8847
Norway8853,8853
Norway8857,8857
Norway8859,8859
Norway8860,8860
Norway8861,8861
Norway8862,8862
Norway8863,8863
Norway8864,8864
Norway8865,8865
Norway8866,8866
Norway8867,8867
Norway8868,8868
Norway8869,8869
Norway8870,8870
Norway8874,8874
Norway8889,8889
Norway8908,8908
Norway8914,8914
Norway8915,8915
Norway8916,8916
Norway8917,8917
Norway8918,8918
Norway8919,8919
Norway8920,8920
Norway8921,8921
Norway8922,8922
Norway8937,8937
Norway8938,8938
Norway8945,8945
Norway9143,9143
Norway9145,9145
Norway9197,9197
Norway9199,9199
Norway9204,9204
Norway9208,9208
Norway9218,9218
Norway9223,9223
Norway9246,9246
Poland3003,3003
Portugal175,175
Portugal176,176
Portugal177,177
Portugal178,178
Portugal179,179
Portugal180,180
Portugal181,181
Portugal182,182
Portugal183,183
Portugal184,184
Portugal185,185
Portugal186,186
Portugal187,187
Portugal188,188
Portugal189,189
Portugal190,190
Portugal191,191
Portugal192,192
Portugal193,193
Portugal194,194
Portugal195,195
Portugal196,196
Portugal197,197
Portugal198,198
Portugal199,199
Portugal200,200
Portugal201,201
Portugal202,202
Portugal203,203
Portugal204,204
Portugal205,205
Portugal206,206
Portugal207,207
Portugal208,208
Portugal209,209
Portugal210,210
Portugal211,211
Portugal212,212
Portugal213,213
Portugal214,214
Portugal215,215
Portugal216,216
Portugal217,217
Portugal218,218
Portugal219,219
Portugal220,220
Portugal221,221
Portugal222,222
Portugal223,223
Portugal224,224
Portugal225,225
Portugal226,226
Portugal227,227
Portugal228,228
Portugal229,229
Portugal230,230
Portugal231,231
Portugal232,232
Portugal233,233
Portugal234,234
Portugal235,235
Portugal236,236
Portugal237,237
Portugal238,238
Portugal239,239
Portugal240,240
Portugal241,241
Portugal242,242
Portugal243,243
Portugal244,244
Portugal245,245
Portugal246,246
Portugal247,247
Portugal248,248
Portugal249,249
RussianFederation2744,2744
RussianFederation2944,2944
Spain107,107
Spain108,108
Spain109,109
Spain110,110
Spain111,111
Spain112,112
Spain113,113
Spain114,114
Spain115,115
Spain116,116
Spain117,117
Spain118,118
Spain119,119
Spain120,120
Spain121,121
Spain122,122
Spain123,123
Spain124,124
Spain125,125
Spain126,126
Spain127,127
Spain128,128
Spain129,129
Spain130,130
Spain131,131
Spain132,132
Spain133,133
Spain134,134
Spain135,135
Spain136,136
Spain137,137
Spain138,138
Spain139,139
Spain140,140
Spain141,141
Spain142,142
Spain143,143
Spain144,144
Spain145,145
Spain146,146
Spain147,147
Spain148,148
Spain149,149
Spain150,150
Spain151,151
Spain152,152
Spain153,153
Spain154,154
Spain155,155
Spain156,156
Spain157,157
Spain158,158
Spain159,159
Spain160,160
Spain161,161
Spain162,162
Spain163,163
Spain164,164
Spain165,165
Spain166,166
Spain167,167
Spain168,168
Spain169,169
Spain170,170
Spain171,171
Spain172,172
Spain173,173
Spain174,174
Spain250,250
Spain251,251
Spain252,252
Spain253,253
Spain254,254
Spain255,255
Spain256,256
Spain257,257
Spain258,258
Spain259,259
Spain260,260
Spain261,261
Spain262,262
Spain263,263
Spain264,264
Spain265,265
Spain266,266
Spain267,267
Spain268,268
Spain269,269
Spain271,271
Spain272,272
Spain273,273
Spain274,274
Spain275,275
Spain276,276
Spain277,277
Spain278,278
Spain279,279
Spain280,280
Spain281,281
Spain282,282
Spain283,283
Spain284,284
Spain285,285
Spain286,286
Spain287,287
Spain288,288
Spain289,289
Spain290,290
Spain291,291
Spain292,292
Spain293,293
Spain294,294
Spain295,295
Spain296,296
Spain297,297
Spain298,298
Spain299,299
Spain300,300
Spain301,301
Spain302,302
Spain303,303
Spain304,304
Spain305,305
Spain306,306
Spain307,307
Spain308,308
Spain309,309
Spain310,310
Spain311,311
Spain312,312
Spain313,313
Spain314,314
Spain315,315
Spain316,316
Spain317,317
Spain318,318
Spain319,319
Spain320,320
Spain321,321
Spain322,322
Spain323,323
Spain324,324
Spain325,325
Spain326,326
Spain327,327
Spain328,328
Spain329,329
Spain330,330
Spain331,331
Spain332,332
Spain333,333
Spain334,334
Spain335,335
Spain336,336
Spain337,337
Spain338,338
Spain339,339
Spain340,340
Spain341,341
Spain342,342
Spain343,343
Spain344,344
Spain345,345
Spain346,346
Spain347,347
Spain348,348
Spain349,349
Spain350,350
Spain351,351
Spain352,352
Spain353,353
Spain354,354
Spain355,355
Spain356,356
Spain357,357
Spain358,358
Sweden2848,2848
Sweden2849,2849
Sweden2850,2850
Sweden2851,2851
Sweden2852,2852
Sweden2853,2853
Sweden2854,2854
Sweden2855,2855
Sweden2856,2856
Sweden2857,2857
Sweden2858,2858
Sweden2859,2859
Sweden2860,2860
Sweden2861,2861
Sweden2862,2862
Sweden2863,2863
Sweden2864,2864
Sweden2865,2865
Sweden2866,2866
Sweden2867,2867
Sweden2868,2868
Sweden2869,2869
Sweden2870,2870
Sweden2871,2871
Sweden2872,2872
Sweden2873,2873
Sweden2874,2874
Sweden2875,2875
Sweden2876,2876
Sweden2877,2877
Sweden2878,2878
Sweden2879,2879
Sweden2880,2880
Sweden2881,2881
Sweden2882,2882
Sweden2883,2883
Sweden2884,2884
Sweden2885,2885
Sweden2886,2886
Sweden2887,2887
Sweden2888,2888
Sweden2889,2889
Sweden2890,2890
Sweden2891,2891
Sweden2892,2892
Sweden2893,2893
Sweden2894,2894
Sweden2895,2895
Sweden2896,2896
Sweden2897,2897
Sweden2898,2898
Sweden2899,2899
Sweden2900,2900
Sweden2901,2901
Sweden2902,2902
Sweden2903,2903
Sweden2904,2904
Sweden2905,2905
Sweden2906,2906
Sweden2907,2907
Sweden2908,2908
Sweden2909,2909
Sweden2910,2910
Sweden2911,2911
Sweden2912,2912
Sweden2913,2913
Sweden2914,2914
Sweden2915,2915
Sweden2916,2916
Sweden2917,2917
Sweden2918,2918
Sweden2919,2919
Sweden9003,9003
Sweden9005,9005
Sweden9087,9087
Sweden9092,9092
Sweden9094,9094
Sweden9098,9098
Sweden9099,9099
Sweden9100,9100
Sweden9106,9106
UnitedKingdom270,270
UnitedKingdom8825,8825
